"Name","Images","Text","Status"
"LES Free Food Fridge","https://v5.airtableusercontent.com/v3/u/58/58/1791669600000/IOJm6Dx94t_riIZYTYdCgQ/4KQyD1fg3KTczft2azU3DYNCGQsWJcgL5YeHNZGo1VrZZPOZWts0Vm8XdC-xVjrOokLfu9_3i0UUESIU81wM1pItIWhGi5kJ2MhOpyjh1sWD7_1wl8J8ffFxssYqlmDgmK8tNKcVsVOuk-IosUvoR1qODZ9W18nmZYLfY2EZotae0fPnAi7thQXcrqZIeNLW/O_vf6YWwQ7phQ0n0xJaMWzrK4C7NIlY0arVTd0gvKW8","**LES Free Food Fridge**
A new organization has placed a fridge at [466 Grand St ](https://goo.gl/maps/Ngk8fap4qya7y28K6)in the LES outside of the Abrons Art Center for those in need of fresh free food. Similar fridges have popped up all over the city. Sign up to volunteer or donate time, food, fridges, etc. to the movement [here](https://docs.google.com/forms/d/e/1FAIpQLSfy758zpgijPYHVupjSGaKxssHNSk88PrTgg18v3IYK0-89Aw/viewform) and email [lmcommunityfridge@gmail.com](mailto:lmcommunityfridge@gmail.com). LES Community Fridge hopes to expand to more locations in the area, including the EV. Stay tuned for more info.
","Archive"
"C&B Cafe","https://v5.airtableusercontent.com/v3/u/58/58/1791669600000/UlCVeWlus5six3FBoC6GMg/QYOYdEcyTFwEm8MKnwKKJgruhUcQ-OR6J4QJmT5QcD4JxVYrY2KpcuF98aZ0KeBFMg-DMFRzZwEBN9vXACv2MALMZDEvy0J31_tEnNuCGrZ7w-eSgIqdld4DX9dMvKlrtgQx46SMaI8Z98X4fjPxwV4CBdZf0UqmpEBkyertPOk/whTMTixas3haYPLWjq6aJi42qnDPTgsSiq4veENzIPU","Ali Sahin of [C&B Cafe](https://www.candbnyc.com) recently got a new bread oven! Loaves are available **daily for $5**, with orders to be placed via Instagram, and free meals being offered to unemployed restaurant workers. (via EV Grieve)
","Archive"
"Vision Urbana","https://v5.airtableusercontent.com/v3/u/58/58/1791669600000/cWwPaKSI-4NSIXhAzh3ePw/8CP1Hu7-EF-TzVr4oJkPsiI6Jwd0B-DGlqRAifVv4bmTtpwaSLoDJJDN-1eKp_FibNxtDUVn3WrWdQ-hm_nWEivxcd1vX-MPGpIE-6iLSSjuVq6Tf_SogP6FPBDI6GxMspA-a_RwAHeQbqlgox0L2Q/FI0oWJeOsEAJqUUWG4znD4xwFqyY3pLG8UeuDLfZbZU","**Vision Urbana:**
Vision Urbana is seeking volunteers! Sign up [here!](https://network.visionurbana.org/volunteer)
","Archive"
"Volunteer with Tompkins Distro!","https://v5.airtableusercontent.com/v3/u/58/58/1791669600000/DsfiWaMXGQhztzUaowA7CQ/qGTWfBUelXE_4HxJmNflzu1YoGM0Lddg4-kpC-kwLvKIKj_bZzwklU5J595atVmlxoLRWusVhsdq7AEaSYks5s05OfrjFtiJP9n5ht0dVOX_MbdNcUhsJGkPmhY_50sWJSdY5DS9UFrKgH1v4kbPyod68fVL_3HzV-kgrW2qRI4Y7uetRCW85Olj1KR2pj_RSlCqI6LSIzQX6Wo8iVANfQ/CVc_bHmftw7mWp_qBkMG2JIVwfm0yiHpBjnu97Gx7W8","**Volunteer with Tompkins Distro!**
Join Tompkins Distro every Saturday in Tompkins Square Park for food distribution and community care!
Volunteers can join for food prep starting at 9:30am [(dm on Instagram if you'd like to join)](https://www.instagram.com/tompkins.distro/) 
Setup volunteers just meet up at 10:45am on the corner of 7th Street & Ave B
Dropoff donations of food & goods are welcomed from 10:45am-noon
Follow [@tompkins.distro ](https://www.instagram.com/tompkins.distro/)on Instagram for more information.
","Active"
"Volunteer with Friends of Tompkins Square Park ","https://v5.airtableusercontent.com/v3/u/58/58/1791669600000/y4tt4U3ng1rOfpvUAu2dIw/mIX8mwiGmLL92-tG4zrehS3xxJOdQ7uiBscdeTqk3HCs3sdRZ9F641Snw6xAbPF2FBNoognHACXCVZQLHL9Qo5J2MahphN66G-drd0SJYupnK4zEzvXqVb3ZxDDMQr8LM6G9mLWyCyalFEQ_mMQ039dUZt-lpsB5Izv_wTJrtAF7n8-5tpf8zgaSihmAfXYtY2EFU6PsO_IfL8C20C_lWQ/agOa3eEjygMejcN-e0-WJAykcdFA5gvQ9zfvtt7xCW4","**Volunteer with Friends of Tompkins Square Park **
Help take care of your park! Check out the[ Friends of Tompkins Square Park Calendar](https://www.friendsoftompkinssquarepark.org/events) & sign up to mulch, rake, plant bulbs, and clean up! 
","Active"
"Join The Fight To Save Our Storefronts",,"> These bills call on commercial tenants, landlords and the state to **share the burden** of the rent crisis.  Our shared-burden model envisions a solution in which negatively-impacted commercial tenants can obtain a proportional amount of rent forgiveness from landlords, and landlords can then obtain a proportional amount of reimbursement from the state, beginning retroactively to March 7 and continuing for 180 days after the lifting of the emergency order. We strongly feel this model is the best way to get through this crisis intact, together.
","Archive"
"#Give2Grace","https://v5.airtableusercontent.com/v3/u/58/58/1791669600000/iYsjKOwwjLwBTdINKMYVJg/0uNaOutOyePSy4t_XPI43vGGE8On3W3ip-nGXJx5FNYEH0KInOXP3uSHdrZnp1t8wxMs-JN9xCLBMZcohBA5ARbVxViXAo9N45l5e2pqyeOAy7Tol1Pk-_k1yedQvcQwqrEJJ6pyw9wFO-Ola-cs-yvf5zNGBNux0LKQbJwmjBo/jdzFRtbDrISWmJ237hHNA39NxHVPMTFYAYvVVzmC_4s","**Join us for #Give2Grace**
A seven-day fundraiser for Grace Exhibition Space about witnessing and giving to sustain a vital resource for local and international Performance Artists, and secure the future of our organization. #Give2Grace includes video premieres, interviews, and a live panel discussion beginning **Tuesday, September 22 through Monday, September 28.**
","Archive"
"How Henry Street Settlement is helping neighbors in need during the COVID-19 crisis","https://v5.airtableusercontent.com/v3/u/58/58/1791669600000/EQDuSF6EERfcG-gBoN91Mg/WJB-p6SQW56Oc9_jiTUqTZ4D9tD3jN_m-ZShpnvtIFqK7kYkAgBAVeDojJlOAJDxvGziDtduRh9gQqbTrCkCZllx9qbWQwrgerCiAG5BOd0PUgGLte6VLpMmgfIQC85b0zg5byiEoBfbgkTyNdsUjGy0q2yBCrXwZO1lKVAxAC2KmnNtAAwftSArNN1tndCJ4cGMgWm2Ss2F2FxmekWK9w/LNisYWgLngzXQj8sdqOxk_C-IiF_WtybZ3B6mfiqSXU","**How Henry Street Settlement is helping neighbors in need during the COVID-19 crisis**
EV Grieve has a heartwarming profile about Henry Street Settlement's free food delivery for those in need. [READ HERE](https://evgrieve.com/2020/06/how-henry-street-settlement-is-helping.html) (photo by [Stacie Joy](http://photobystaciejoy.com)) and, if you can, please [donate](http://www.henrystreet.org/) to this specific effort in feeding our neighbors.
","Archive"
"Volunteer with Trinity's Service and Food For The Homeless","https://v5.airtableusercontent.com/v3/u/58/58/1791669600000/dS9MROgvKUw7T1vVHcQITQ/4wsXEvxf_CnUu8ECgoIfmp0C9Vj-qBj_gbwrYxxdDS6U5pBgkIPAufWVmd7Mro08DlK3bXXnXdXCHPXFJRAAIJraLCNMM9Rk4hwny4eCaIQXFHr7Qsv8N5hVBH7mVopb0z6h2a1uulSgpHpK0IdfuJCA9VQvYQ8dB6qBiMx9jU0/aITXMfZkWVPVRbkqh2s2zCN2Nih9L4ITfrR_zn3KTYg","**Volunteer with Trinity's Service and Food For The Homeless**
Help fight food insecurity in your community! Join Trinity SAFH to help with meal prep, cleaning, or stocking the food pantry. 
Volunteer MON-FRI 9:30am - 1:30pm.
Sign up for a [volunteer shift](https://airtable.com/appKioavryN9BpiEu/pag91BvWmmFGg7U11/form)!
For more details visit[ Trinity's SAFH volunteer page](https://www.safhnyc.org/serve).
","Active"
"House of Good Deeds Monday Free Food Shop!","https://v5.airtableusercontent.com/v3/u/58/58/1791669600000/p4TjQOAYTLy6n9OlVBahsA/5cDpe_FjcgN0arokCXhWv1VnUj5o1waaT38jZrodI_mmJ-oQiljTKhDXej60qiP2QmMk-uRWbwLEo5wdS8I-jQx9WQYav_2iW4ZFZxDrEw9AZjV4-f831Lyf127Cc5xG1qK90d5lRmlyNxwvvi5fEPBbrXxwT9UKVrKdJCXgmdQgEEKXyaudjUP7joYsrmyc/yZDwAuhyun7Rp3ULHfjj5cc3QfmL72gENMensxzR2ug","**House of Good Deeds Monday Free Food Shop!**
Free weekly food pantry 18 Avenue D, off East 3rd Street Mondays 2:00 - 4:00 pm
Follow [@houseofgooddeeds](https://www.instagram.com/thehouseofgooddeeds/) on Instagram for more information
","Active"
"COVID TESTING Til 7/17",,"**FREE Covid Testing Center in the East Village until 7/17: **This info comes via Carlina Rivera's latest newsletter: ""_As part of our efforts to ensure District 2 residents have access to the testing they need, our office has worked with the City to arrange for a mobile COVID-19 testing location this week at Meltzer Senior Center (94 East 1st Street - [Google Maps Link](https://www.google.com/maps/place/New+York+City+Housing+Authority+Meltzer+Towers+Senior+Center/@40.7230734,-73.9870244,15z/data=!4m2!3m1!1s0x0:0x5066d9c59b2343db?sa=X&ved=2ahUKEwiVyKav983qAhUZVs0KHTBrC_wQ_BIwCnoECBEQCA)). Free tests will be available to all New Yorkers on a walk-up basis from 10 AM-4 PM each day this week through July 17.""_
","Archive"
"East Village Community Fridge","https://v5.airtableusercontent.com/v3/u/58/58/1791669600000/_MODOzyzLHjTVe4SPD0QFQ/JiMziPQ_yX2sparXo0MNG2t2hJULEzsZmq3dv30c1S6_m2_h3D9XGQPe13dQ-lRBj9ikx4PMpoJWbAl3Kv4HfG21E-BZbfRzK1Bq14Pa4-Gi6yXNYCWryA9NLqGtAUKf02FN5FgBgt_NY8hXgeIFatI8qsm5aaD3XlLtuBFsmNw/FhYpW_P_UxYdv339ReJTDKDLx8a-fFnUaWuV63bcNBw","**East Village Community Fridge**
Free food for anyone in need. Neighbors put fresh food in; neighbors in need take food out. Please no opened / half-eaten food! NW corner of 12th Street & 1st Avenue. Project of [@changefood](https://www.instagram.com/changefood/) [@eatsmac](https://www.instagram.com/eatsmac/) and [@eastvillageneighbors](https://www.instagram.com/eastvillageneighbors/)
","Archive"
"Time's Up Outdoor Bike Repair Class","https://v5.airtableusercontent.com/v3/u/58/58/1791669600000/FIRYhAit7Z5oDNZ1zYzaIw/YI4hx3-S3pedFwQYUKs7nb5lE1P4gg_1hMIa0tUYKATAYflptNOo8d7jWV1-HtRRvARgsrowyB8U6glDOWzeUWfoMz7WMlLnb7brYRlX-cyeE5eWTzsgrb7tuZNAd3g3mrSC7gHiHN842KkrSZMqYQ/2-fXymPW7gyD1PY28vt_RAv7vSTvPd_0C1dPnUQBrag","Empower yourself! Every Thursday 6:00 PM at La Plaza Cultural Community Garden 9th Street & Avenue C
","Archive"
"Mulchfest is ON!","https://v5.airtableusercontent.com/v3/u/58/58/1791669600000/lqjFJbPgAoLB9yXRgZdpdQ/1y0Yxz4fLixshizI3-v76CwfQGLur7RXozhG6uQwRb7NLhwp0F3qiqJq5KAKdQ6_93y9JutnUxhyXy4dQsuaCSYVd7mJh_iNogbildbUXSv1YvdAxnpz6X8MH_IixD3Yjnc7JvpwuBOF1jy78KzoOCsk-hDEl6iPYD9k2ozfn2yNgNQhNFjEtDjGBFHuLnP-8mA_WpXaBKD8MEQqCh9hJQ/OSNz3deG1e5SQ5QYzPxD9_etOJd1w7Htnbld6FeE9cA","Say fir-well to your holiday tree! 
Tompkins Square Park 7th Street entrance through SAT JAN 8
","Archive"
"East Village Community Raffle for Black Lives Matter","https://v5.airtableusercontent.com/v3/u/58/58/1791669600000/8aweoicjar2gkMTZWl4uaw/PIVNBd1Oq38ytQWgNRw4IGcI3QWGqxg7gcZSW3dSWz5eHxYi15BBJaPSsbJ1Qvpp9yCX_zGw8Krv-2vwDZgDvLWJTUpYhIFs8JJ-qYMNb7PQvxIyopYqoJKozfKKPTcVdyjn5YHFUT-MrxYp4LDQHQ/vCjVkKH7ZIOfZ2TOjNnTBawLb_a9BWRMpe70bA3uFSo","A group of East Village businesses, led by East Village Postal, have come together to raise money in support of the Black Lives Matter movement, offering a host of prizes to the raffle winners.
> 100 percent of all ticket sales will be donated to Colin Kaepernick's [Know Your Rights Camp](https://www.knowyourrightscamp.com/who-we-are) and the [Equal Justice Initiative](https://www.instagram.com/eji_org/). Each ticket is $5. For multiple entries, please purchase in increments $5. You can purchase tickets by venmo @eastvillageraffle and leave your email or phone number so that we can contact you if you win. To purchase tickets in cash, please purchase your ticket at our shop.

The list of prizes can be found [here](https://eastvillageraffle.cargo.site/). <[via EV Grieve](Http://evgrieve.com)>
","Archive"
"Avenue B Barricade Volunteers Wanted","https://v5.airtableusercontent.com/v3/u/58/58/1791669600000/L7NH3MtWoFPsA9fcMhtFSA/LE6H4msaylnVCF8U0yuDTybmOd76ItMvBAXD16O-5El0HIw1MgxLuPa9cJN49Hp0M8hKwGJ70fs64P2DeSplFmPxlhDGX4IVJ37nBYWcyc67ZU789C8jP811A16mbUDaS5LgH1xvKSlb0qkLQL_hhmqV_rjk5F0TL0q3dkSc4F9svSXTDRQUtOEcBHJM_0p1/yehER9nOJwHy6leESJ4mOMKuUiblTni0EsVHzuCE1xc","**Avenue B Barricade Volunteers Wanted** The Loisada Open Streets Community Coalition is seeking volunteers to help set up barricades in the mornings/evenings along Avenue B between 6th Street and 14th Street. Interested? Fill out the form **[here](https://docs.google.com/forms/d/e/1FAIpQLSeA25JULMLTVG_uIOm37u5RqPLCjGNaopWrjJAx1LUTDEsyUA/viewform) **and learn more about their work in this [EV Grieve piece](https://evgrieve.com/2020/10/the-loisaida-open-streets-community.html).
","Archive"
"Trinity Church College Student Pantry","https://v5.airtableusercontent.com/v3/u/58/58/1791669600000/tnrbkvRvbB_nsmzgiiEBnQ/UhwzIKoRWqQeieWHWtvcK1spRSstKJ4BY6c4zhDr2YAfW0UK4-L3Hb5VhTXiHwLWW-DpYWtRUVG0CvEKultQnufkyEhs6mqIOL_kQcJEHyxg5UOGVE-SgqV0gRteWx23YAocd-DhncBuSTckEkMNZ9LMyIjqxaFNey-5WLOtw88/clOQe7_E4G2NE5WItvpKZzde0IFTA-9it7EiRMT4nqE","**Trinity Church College Student Pantry**
[By appointment only!](http://www.collegestudentpantry.org/) 9th Street & Avenue B, 1st & 3rd Wednesdays 4:00 - 7:00 PM.
","Active"
"B&H Dairy Mini-Documentary","https://v5.airtableusercontent.com/v3/u/58/58/1791669600000/GumDCsVAQGAjcnLxpf-r5w/_3s9Q4-GWnwh2WM_qpoXfMrE23GNRKxyyAvzR8Zz8tBzzLozV1q6Hqi-QpHpNzltEUCAUSPzI6DO4t-UXSz31ggZfZ5QcPgRzoImk2LMlGJ9WZtdZTktzf_FC24tj36G_MU7n2e9DO0RA5-uslOIDo1k3UG6umruamTejA00S28/lfRrKjs1zVX9ePIkabeD2G-HaAwLe7zQRN_ANMlcs1s","**B&H Dairy Mini-Documentary**
A new 10 minute documentary brought to you by [Eat Tonight NYC](https://www.instagram.com/eattonightnyc/) highlights local luncheonette B&H Dairy, serving blintzes and borscht on 2nd Ave since 1938. [CLICK HERE TO WATCH](https://www.instagram.com/p/CCBlaPflITG/).
","Archive"
"COVID Testing Housing Works Locations","https://v5.airtableusercontent.com/v3/u/58/58/1791669600000/nvEDAeYKlWWyXPuzAiz2qw/UIszBXLIz63ahUYNmjPI31wOags4_ND2yQF9R3wxzLj68WspZE_Utw5D2IzAag7CHDgQ9G0C4FcaGV5JsWUluNwXF9ZvayD3tJi3XRaKX3LeYq_oSEpK1Dij4ACaHR2JmUB6ebm3WU6PqhcOXJwS_fYpFLtGudvKTma1Bw5QKrK9HwluF2fnm13RG9-HwEqk/_hWvB5vfQrVS-JonPBGionqpcMLvy9-0CRkLnNPivzE","**FREE COVID TESTING AT HOUSING WORKS:**
THURSDAYS 10:00 AM - 3:00 PM
Cylar House Health Center
743-749 E 9TH Street at Avenue D
","Archive"